-- Auto-generated geo seed for migration v8.13. Idempotent.

INSERT INTO public.regions (id,name,lat,lng) VALUES
  ('riyadh','منطقة الرياض',24.7136,46.6753),
  ('makkah','منطقة مكة المكرمة',21.3891,39.8579),
  ('madinah','منطقة المدينة المنورة',24.4672,39.6061),
  ('qassim','منطقة القصيم',26.326,43.975),
  ('eastern','المنطقة الشرقية',26.4207,50.0888),
  ('asir','منطقة عسير',18.2171,42.5053),
  ('tabuk','منطقة تبوك',28.3833,36.5667),
  ('hail','منطقة حائل',27.5167,41.6833),
  ('northern','منطقة الحدود الشمالية',30.9667,41.0167),
  ('jazan','منطقة جازان',16.8892,42.5511),
  ('najran','منطقة نجران',17.4917,44.1322),
  ('baha','منطقة الباحة',20.0125,41.4653),
  ('jouf','منطقة الجوف',29.9667,40.2)
ON CONFLICT (id) DO UPDATE SET name=EXCLUDED.name, lat=EXCLUDED.lat, lng=EXCLUDED.lng;

INSERT INTO public.cities (id,name,region_id,lat,lng) VALUES
  ('bukayriah','البكيرية','qassim',26.1437,43.6593),
  ('badaiah','البدائع','qassim',25.975,43.6833),
  ('muznib','المذنب','qassim',25.8667,44.2167),
  ('riyadh_city','الرياض','riyadh',24.7136,46.6753),
  ('kharj','الخرج','riyadh',24.15,47.3),
  ('majmaah','المجمعة','riyadh',25.9,45.3333),
  ('dawadmi','الدوادمي','riyadh',24.5075,44.3919),
  ('wadi_ad_dawasir','وادي الدواسر','riyadh',20.45,44.75),
  ('quwayiyah','القويعية','riyadh',24.05,45.2667),
  ('zulfi','الزلفي','riyadh',26.3,44.8167),
  ('shakra','شقراء','riyadh',25.2422,45.2494),
  ('diriyah','الدرعية','riyadh',24.75,46.5333),
  ('makkah_city','مكة المكرمة','makkah',21.3891,39.8579),
  ('jeddah','جدة','makkah',21.4858,39.1867),
  ('taif','الطائف','makkah',21.2833,40.4167),
  ('qunfudhah','القنفذة','makkah',19.1264,41.0789),
  ('rabigh','رابغ','makkah',22.8,39.0333),
  ('laith','الليث','makkah',20.15,40.2667),
  ('bahrah','بحرة','makkah',21.4167,39.4667),
  ('khulays','خليص','makkah',22.1833,39.3167),
  ('ranyah','رنية','makkah',21.25,42.85),
  ('turubah','تربة','makkah',21.2167,41.6333),
  ('madinah_city','المدينة المنورة','madinah',24.4672,39.6061),
  ('yanbu','ينبع','madinah',24.0891,38.0637),
  ('ula','العلا','madinah',26.6167,37.9167),
  ('mahad_adh_dhahab','مهد الذهب','madinah',23.4833,40.8667),
  ('badr','بدر','madinah',23.7833,38.8333),
  ('khaybar','خيبر','madinah',25.6833,39.2833),
  ('hinakiyah','الحناكية','madinah',24.85,40.5),
  ('buraidah','بريدة','qassim',26.326,43.975),
  ('unaizah','عنيزة','qassim',26.0842,43.9936),
  ('rass','الرس','qassim',25.8692,43.4975),
  ('mithnab','المذنب','qassim',25.8667,44.2167),
  ('bukayriyah_q','البكيرية','qassim',26.15,43.6667),
  ('badaya','البدائع','qassim',25.9667,43.6833),
  ('riyadh_al_khabra','رياض الخبراء','qassim',26.0667,43.5833),
  ('dammam','الدمام','eastern',26.4207,50.0888),
  ('khobar','الخبر','eastern',26.2172,50.1971),
  ('dhahran','الظهران','eastern',26.2361,50.1211),
  ('jubail','الجبيل','eastern',27.0117,49.6583),
  ('hafuf','الهفوف (الأحساء)','eastern',25.3787,49.5863),
  ('qatif','القطيف','eastern',26.5167,50),
  ('hafar_al_batin','حفر الباطن','eastern',28.4333,45.9667),
  ('khafji','الخفجي','eastern',28.4342,48.4908),
  ('ras_tanura','رأس تنورة','eastern',26.65,50.1167),
  ('nairyah','النعيرية','eastern',27.5,48.4833),
  ('abha','أبها','asir',18.2171,42.5053),
  ('khamis_mushait','خميس مشيط','asir',18.3,42.7333),
  ('bishah','بيشة','asir',19.9833,42.6167),
  ('namas','النماص','asir',19.1167,42.1167),
  ('mahail_asir','محايل عسير','asir',18.55,41.9167),
  ('bariq','بارق','asir',18.9167,41.9333),
  ('ahad_rufaydah','أحد رفيدة','asir',18.15,42.85),
  ('tabuk_city','تبوك','tabuk',28.3833,36.5667),
  ('wajh','الوجه','tabuk',26.2333,36.4667),
  ('duba','ضباء','tabuk',27.35,35.6833),
  ('tiyama','تيماء','tabuk',27.6333,38.55),
  ('umluj','أملج','tabuk',25.0333,37.2667),
  ('haql','حقل','tabuk',29.2833,34.9333),
  ('hail_city','حائل','hail',27.5167,41.6833),
  ('baqaa','بقعاء','hail',27.9333,42.3333),
  ('shnan','الشنان','hail',27.1667,42.4333),
  ('ghazalah','الغزالة','hail',26.4333,41.2333),
  ('arar','عرعر','northern',30.9667,41.0167),
  ('rafha','رفحاء','northern',29.6167,43.5),
  ('turayf','طريف','northern',31.6833,38.65),
  ('uwayqilah','العويقيلة','northern',30.3167,42.1833),
  ('jazan_city','جازان','jazan',16.8892,42.5511),
  ('sabya','صبيا','jazan',17.15,42.6167),
  ('abu_arish','أبو عريش','jazan',16.9667,42.8333),
  ('samitah','صامطة','jazan',16.5833,42.9333),
  ('adrabi','الدرب','jazan',17.7167,42.25),
  ('biysh','بيش','jazan',17.3833,42.5333),
  ('najran_city','نجران','najran',17.4917,44.1322),
  ('sharurah','شرورة','najran',17.4833,47.1167),
  ('hubuna','حبونا','najran',17.85,44.3667),
  ('baha_city','الباحة','baha',20.0125,41.4653),
  ('baljurashi','بلجرشي','baha',19.85,41.5667),
  ('mandaq','المندق','baha',20.15,41.2833),
  ('mikhwah','المخواة','baha',19.7833,41.4333),
  ('sakaka','سكاكا','jouf',29.9667,40.2),
  ('qurayyat','القريات','jouf',31.3333,37.3333),
  ('dumat_jandal','دومة الجندل','jouf',29.8167,39.8667),
  ('tabarjal','طبرجل','jouf',30.5,38.35)
ON CONFLICT (id) DO UPDATE SET name=EXCLUDED.name, region_id=EXCLUDED.region_id, lat=EXCLUDED.lat, lng=EXCLUDED.lng;

INSERT INTO public.locations (id,name,type,city_id,lat,lng) VALUES
  ('nakheel_riyadh','النخيل مول','mall','riyadh_city',24.7669,46.6806),
  ('riyadh_park','الرياض بارك','mall','riyadh_city',24.7578,46.63),
  ('riyadh_gallery','الرياض جاليري','mall','riyadh_city',24.6907,46.6653),
  ('panorama_riyadh','بانوراما مول','mall','riyadh_city',24.7003,46.6842),
  ('hayat_mall','حياة مول','mall','riyadh_city',24.7631,46.7384),
  ('granada_riyadh','غرناطة مول','mall','riyadh_city',24.7724,46.7262),
  ('kingdom_mall','مركز المملكة','mall','riyadh_city',24.7118,46.6744),
  ('avenues_riyadh','ذا أفنيوز','mall','riyadh_city',24.7683,46.6933),
  ('via_riyadh','فياء الرياض','mall','riyadh_city',24.735,46.657),
  ('othaim_riyadh','العثيم مول','mall','riyadh_city',24.7389,46.7529),
  ('tala_mall','تالا مول','mall','riyadh_city',24.7522,46.6855),
  ('cena_mall','سنتريا مول','mall','riyadh_city',24.6946,46.6814),
  ('qasr_mall','القصر مول','mall','riyadh_city',24.5971,46.6811),
  ('hamra_mall','الحمراء مول','mall','riyadh_city',24.7766,46.7588),
  ('marina_mall','مارينا مول','mall','riyadh_city',24.743,46.6666),
  ('taibah_souq','أسواق طيبة','market','riyadh_city',24.74,46.68),
  ('batha_souq','سوق البطحاء','market','riyadh_city',24.636,46.717),
  ('dira_souq','سوق الديرة','market','riyadh_city',24.6352,46.7113),
  ('ovais_souq','أسواق العويس','market','riyadh_city',24.745,46.685),
  ('kharj_mall','الخرج مول','mall','kharj',24.1537,47.334),
  ('jawhara_mall','الجوهرة مول','mall','kharj',24.148,47.312),
  ('red_sea_mall','رد سي مول','mall','jeddah',21.6274,39.1185),
  ('mall_of_arabia','مول العرب','mall','jeddah',21.5834,39.1461),
  ('aziz_mall','العزيز مول','mall','jeddah',21.5422,39.1757),
  ('stars_avenue','ستارز أفنيو','mall','jeddah',21.5894,39.154),
  ('heraa_mall','هيفاء مول','mall','jeddah',21.558,39.1735),
  ('andalus_jeddah','الأندلس مول','mall','jeddah',21.5736,39.1513),
  ('salam_mall_jeddah','السلام مول','mall','jeddah',21.5033,39.2311),
  ('roshen_mall','روشان مول','mall','jeddah',21.6455,39.108),
  ('balad_souq','سوق البلد','market','jeddah',21.4844,39.1862),
  ('shatea_souq','سوق الشاطئ','market','jeddah',21.56,39.14),
  ('bawadi_souq','سوق البوادي','market','jeddah',21.5977,39.1788),
  ('abraj_bait','أبراج البيت','mall','makkah_city',21.4189,39.8263),
  ('makkah_mall','مكة مول','mall','makkah_city',21.3948,39.8339),
  ('aziziyah_souq','سوق العزيزية','market','makkah_city',21.395,39.845),
  ('diyafa_mall','مول الضيافة','mall','makkah_city',21.4333,39.8),
  ('hijaz_mall','سوق الحجاز','mall','makkah_city',21.435,39.79),
  ('taif_heart','قلب الطائف','mall','taif',21.2727,40.4163),
  ('jouri_mall','جوري مول','mall','taif',21.2634,40.3829),
  ('noor_mall','النور مول','mall','madinah_city',24.4671,39.6024),
  ('rashid_mall_madinah','الراشد ميغا مول','mall','madinah_city',24.4685,39.6146),
  ('al_alyat_mall','العالية مول','mall','madinah_city',24.4444,39.6111),
  ('manar_mall','المنار مول','mall','madinah_city',24.482,39.5777),
  ('quba_souq','سوق قباء','market','madinah_city',24.4523,39.6199),
  ('yanbu_mall','ينبع مول','mall','yanbu',24.0895,38.0618),
  ('dana_mall','الدانة مول','mall','yanbu',24.1,38.05),
  ('othaim_buraidah','العثيم مول بريدة','mall','buraidah',26.3266,43.975),
  ('nakheel_buraidah','النخيل بلازا','mall','buraidah',26.335,43.968),
  ('buraidah_souq','سوق بريدة المركزي','market','buraidah',26.328,43.973),
  ('unaizah_mall','عنيزة مول','mall','unaizah',26.0842,43.9936),
  ('rass_mall','الرس مول','mall','rass',25.8692,43.4975),
  ('nakheel_dammam','النخيل مول الدمام','mall','dammam',26.4193,50.0888),
  ('othaim_dammam','العثيم مول الدمام','mall','dammam',26.435,50.0704),
  ('rashid_mega_mall','الراشد ميغا مول','mall','khobar',26.2812,50.19),
  ('dhahran_mall','الظهران مول','mall','dhahran',26.2975,50.1413),
  ('fanateer_mall','الفناتير مول','mall','jubail',27.0046,49.6601),
  ('jubail_mall','الجبيل مول','mall','jubail',27.01,49.67),
  ('ahsa_mall','الأحساء مول','mall','hafuf',25.3768,49.5851),
  ('qaisariyyah_souq','سوق القيصرية','market','hafuf',25.379,49.587),
  ('darin_mall','دارين مول','mall','dammam',26.41,50.065),
  ('mall_dhahran','أمواج مول','mall','dhahran',26.3111,50.1555),
  ('venezia_mall','فينيسيا مول','mall','khobar',26.281,50.197),
  ('abha_mall','أبها مول','mall','abha',18.2295,42.502),
  ('asir_mall','عسير مول','mall','abha',18.232,42.52),
  ('rashid_mall_abha','الراشد مول أبها','mall','abha',18.2435,42.5401),
  ('khamis_mall','الخميس أفنيو','mall','khamis_mushait',18.3002,42.7341),
  ('mushait_mall','موجان بارك','mall','khamis_mushait',18.31,42.75),
  ('souq_thulathi','سوق الثلاثاء','market','abha',18.226,42.5),
  ('tabuk_park','تبوك بارك','mall','tabuk_city',28.3834,36.5844),
  ('tabuk_souq','سوق تبوك الشعبي','market','tabuk_city',28.38,36.58),
  ('hail_mall','حائل مول','mall','hail_city',27.5114,41.6904),
  ('barzan_souq','سوق برزان','market','hail_city',27.525,41.695),
  ('salma_mall','سلمى مول','mall','hail_city',27.52,41.7),
  ('arar_mall','عرعر مول','mall','arar',30.9753,41.02),
  ('jazan_mall','كادي مول','mall','jazan_city',16.89,42.55),
  ('jazan_souq','سوق جازان الداخلي (البلد)','market','jazan_city',16.885,42.555),
  ('rashid_mall_jazan','الراشد مول جازان','mall','jazan_city',16.88,42.56),
  ('najran_mall','نجران مول','mall','najran_city',17.4922,44.1314),
  ('najran_souq','سوق الجنابي الشعبي','market','najran_city',17.5,44.14),
  ('baha_mall','الباحة مول','mall','baha_city',20.0125,41.4653),
  ('baha_souq','سوق الخميس بالباحة','market','baha_city',20.015,41.46),
  ('mikhwah_souq','سوق المخواة الشعبي','market','mikhwah',19.8227,41.4385),
  ('jouf_mall','الجوف بلازا','mall','sakaka',29.9697,40.2064),
  ('jouf_souq','سوق سكاكا الشعبي','market','sakaka',29.975,40.21),
  ('qurayyat_mall','القريات مول','mall','qurayyat',31.3317,37.3414),
  ('tariq_souq','سوق طارق','market','khobar',26.28,50.21),
  ('suwaileh_souq','أسواق السويلم','market','riyadh_city',24.63,46.712),
  ('ahsa_souq','سوق السويق بالاحساء','market','hafuf',25.378,49.588)
ON CONFLICT (id) DO UPDATE SET name=EXCLUDED.name, type=EXCLUDED.type, city_id=EXCLUDED.city_id, lat=EXCLUDED.lat, lng=EXCLUDED.lng;
